ID,Family,Model,ValidationTargets,VariantsInFamily,Top20Hits,Top20Winners,Top20Recall,MeanWinnerRank,Top20DeltaVsRecency,MeanRankDeltaVsRecency,ExactRandomTop20TailP,Status
E001,A/G regularized sequence-hazard,LR_hazard_core_C0.01,311,15,628,1555,0.403859,25.141479,-1,-0.246945,0.38268,INSUFFICIENT_EVIDENCE
E002,A/G regularized sequence-hazard,LR_hazard_core_C0.1,311,15,616,1555,0.396141,25.200000,-13,-0.188424,0.636749,INSUFFICIENT_EVIDENCE
E003,A/G regularized sequence-hazard,LR_hazard_core_C1.0,311,15,622,1555,0.400000,25.203215,-7,-0.185209,0.510175,INSUFFICIENT_EVIDENCE
E004,A/G regularized sequence-hazard,LR_hazard_local_C0.01,311,15,597,1555,0.383923,25.666238,-32,0.277814,0.91603,REJECTED
E005,A/G regularized sequence-hazard,LR_hazard_local_C0.1,311,15,607,1555,0.390354,25.653376,-22,0.264952,0.79865,REJECTED
E006,A/G regularized sequence-hazard,LR_hazard_local_C1.0,311,15,614,1555,0.394855,25.690675,-15,0.302251,0.676504,REJECTED
E007,A/G regularized sequence-hazard,LR_all_C0.01,311,15,604,1555,0.388424,25.625723,-25,0.237299,0.84118,REJECTED
E008,A/G regularized sequence-hazard,LR_all_C0.1,311,15,607,1555,0.390354,25.609003,-22,0.220579,0.79865,REJECTED
E009,A/G regularized sequence-hazard,LR_all_C1.0,311,15,603,1555,0.387781,25.637299,-26,0.248875,0.853946,REJECTED
E010,A/G regularized sequence-hazard,LR_sequence_lags_C0.01,311,15,623,1555,0.400643,25.183280,-6,-0.205145,0.488629,INSUFFICIENT_EVIDENCE
E011,A/G regularized sequence-hazard,LR_sequence_lags_C0.1,311,15,623,1555,0.400643,25.120900,-6,-0.267524,0.488629,INSUFFICIENT_EVIDENCE
E012,A/G regularized sequence-hazard,LR_sequence_lags_C1.0,311,15,624,1555,0.401286,25.118328,-5,-0.270096,0.467119,INSUFFICIENT_EVIDENCE
E013,A/G regularized sequence-hazard,LR_local_only_C0.01,311,15,597,1555,0.383923,25.811576,-32,0.423151,0.91603,REJECTED
E014,A/G regularized sequence-hazard,LR_local_only_C0.1,311,15,598,1555,0.384566,25.792283,-31,0.403859,0.907349,REJECTED
E015,A/G regularized sequence-hazard,LR_local_only_C1.0,311,15,602,1555,0.387138,25.800000,-27,0.411576,0.866006,REJECTED
E016,F tree-based,RF_local_d2,311,5,614,1555,0.394855,25.513183,-15,0.124759,0.676504,REJECTED
E017,F tree-based,RF_local_d4,311,5,603,1555,0.387781,25.588424,-26,0.200000,0.853946,REJECTED
E018,F tree-based,RF_local_d6,311,5,616,1555,0.396141,25.276527,-13,-0.111897,0.636749,REJECTED
E019,F tree-based,HGB_local_leaf50,311,5,601,1555,0.386495,25.789711,-28,0.401286,0.877366,REJECTED
E020,F tree-based,HGB_local_leaf150,311,5,600,1555,0.385852,25.784566,-29,0.396141,0.888034,REJECTED
E021,G Bayesian gap hazard,GapHaz_s10,311,4,643,1555,0.413505,25.139550,14,-0.248875,0.13414,INSUFFICIENT_EVIDENCE
E022,G Bayesian gap hazard,GapHaz_s30,311,4,643,1555,0.413505,25.184566,14,-0.203859,0.13414,INSUFFICIENT_EVIDENCE
E023,G Bayesian gap hazard,GapHaz_s100,311,4,645,1555,0.414791,25.158842,16,-0.229582,0.112239,INSUFFICIENT_EVIDENCE
E024,G Bayesian gap hazard,GapHaz_s300,311,4,646,1555,0.415434,25.155627,17,-0.232797,0.102304,INSUFFICIENT_EVIDENCE
E025,B lag-graph diffusion,LagGraph_s10,311,4,602,1555,0.387138,25.873955,-27,0.485531,0.866006,REJECTED
E026,B lag-graph diffusion,LagGraph_s30,311,4,599,1555,0.385209,25.871383,-30,0.482958,0.898023,REJECTED
E027,B lag-graph diffusion,LagGraph_s100,311,4,596,1555,0.383280,25.867524,-33,0.479100,0.924087,REJECTED
E028,B lag-graph diffusion,LagGraph_s300,311,4,598,1555,0.384566,25.849518,-31,0.461093,0.907349,REJECTED
E029,C slot-flow geometry,SlotFlow_s10,311,4,617,1555,0.396785,25.400643,-12,0.012219,0.616276,REJECTED
E030,C slot-flow geometry,SlotFlow_s30,311,4,622,1555,0.400000,25.399357,-7,0.010932,0.510175,REJECTED
E031,C slot-flow geometry,SlotFlow_s100,311,4,608,1555,0.390997,25.574277,-21,0.185852,0.783086,REJECTED
E032,C slot-flow geometry,SlotFlow_s300,311,4,598,1555,0.384566,25.626367,-31,0.237942,0.907349,REJECTED
E033,D cryptanalytic residue,Residue_m2_s30,311,24,614,1555,0.394855,25.877814,-15,0.489389,0.676504,REJECTED
E034,D cryptanalytic residue,Residue_m2_s100,311,24,614,1555,0.394855,25.877814,-15,0.489389,0.676504,REJECTED
E035,D cryptanalytic residue,Residue_m2_s300,311,24,614,1555,0.394855,25.877814,-15,0.489389,0.676504,REJECTED
E036,D cryptanalytic residue,Residue_m3_s30,311,24,614,1555,0.394855,25.493891,-15,0.105466,0.676504,INSUFFICIENT_EVIDENCE
E037,D cryptanalytic residue,Residue_m3_s100,311,24,614,1555,0.394855,25.493891,-15,0.105466,0.676504,INSUFFICIENT_EVIDENCE
E038,D cryptanalytic residue,Residue_m3_s300,311,24,614,1555,0.394855,25.474598,-15,0.086174,0.676504,INSUFFICIENT_EVIDENCE
E039,D cryptanalytic residue,Residue_m4_s30,311,24,617,1555,0.396785,25.410932,-12,0.022508,0.616276,REJECTED
E040,D cryptanalytic residue,Residue_m4_s100,311,24,617,1555,0.396785,25.410932,-12,0.022508,0.616276,REJECTED
E041,D cryptanalytic residue,Residue_m4_s300,311,24,617,1555,0.396785,25.410932,-12,0.022508,0.616276,REJECTED
E042,D cryptanalytic residue,Residue_m5_s30,311,24,634,1555,0.407717,25.390997,5,0.002572,0.266937,REJECTED
E043,D cryptanalytic residue,Residue_m5_s100,311,24,634,1555,0.407717,25.390997,5,0.002572,0.266937,REJECTED
E044,D cryptanalytic residue,Residue_m5_s300,311,24,634,1555,0.407717,25.390997,5,0.002572,0.266937,REJECTED
E045,D cryptanalytic residue,Residue_m6_s30,311,24,605,1555,0.389068,25.919614,-24,0.531190,0.827706,REJECTED
E046,D cryptanalytic residue,Residue_m6_s100,311,24,605,1555,0.389068,25.919614,-24,0.531190,0.827706,REJECTED
E047,D cryptanalytic residue,Residue_m6_s300,311,24,605,1555,0.389068,25.945981,-24,0.557556,0.827706,REJECTED
E048,D cryptanalytic residue,Residue_m7_s30,311,24,609,1555,0.391640,25.600643,-20,0.212219,0.766851,REJECTED
E049,D cryptanalytic residue,Residue_m7_s100,311,24,609,1555,0.391640,25.600643,-20,0.212219,0.766851,REJECTED
E050,D cryptanalytic residue,Residue_m7_s300,311,24,609,1555,0.391640,25.596141,-20,0.207717,0.766851,REJECTED
E051,D cryptanalytic residue,Residue_m8_s30,311,24,645,1555,0.414791,25.358199,16,-0.030225,0.112239,REJECTED
E052,D cryptanalytic residue,Residue_m8_s100,311,24,645,1555,0.414791,25.358199,16,-0.030225,0.112239,REJECTED
E053,D cryptanalytic residue,Residue_m8_s300,311,24,645,1555,0.414791,25.333762,16,-0.054662,0.112239,INSUFFICIENT_EVIDENCE
E054,D cryptanalytic residue,Residue_m10_s30,311,24,599,1555,0.385209,25.927331,-30,0.538907,0.898023,REJECTED
E055,D cryptanalytic residue,Residue_m10_s100,311,24,599,1555,0.385209,25.927331,-30,0.538907,0.898023,REJECTED
E056,D cryptanalytic residue,Residue_m10_s300,311,24,599,1555,0.385209,25.927331,-30,0.538907,0.898023,REJECTED
E057,E spectral/lag sequence,SpectralLag_L5_C0.01,311,12,631,1555,0.405788,25.409003,2,0.020579,0.322645,INSUFFICIENT_EVIDENCE
E058,E spectral/lag sequence,SpectralLag_L5_C0.1,311,12,623,1555,0.400643,25.416720,-6,0.028296,0.488629,INSUFFICIENT_EVIDENCE
E059,E spectral/lag sequence,SpectralLag_L5_C1.0,311,12,623,1555,0.400643,25.416720,-6,0.028296,0.488629,INSUFFICIENT_EVIDENCE
E060,E spectral/lag sequence,SpectralLag_L10_C0.01,311,12,641,1555,0.412219,25.294534,12,-0.093891,0.158819,INSUFFICIENT_EVIDENCE
E061,E spectral/lag sequence,SpectralLag_L10_C0.1,311,12,637,1555,0.409646,25.293248,8,-0.095177,0.216574,INSUFFICIENT_EVIDENCE
E062,E spectral/lag sequence,SpectralLag_L10_C1.0,311,12,637,1555,0.409646,25.291318,8,-0.097106,0.216574,INSUFFICIENT_EVIDENCE
E063,E spectral/lag sequence,SpectralLag_L20_C0.01,311,12,623,1555,0.400643,25.227653,-6,-0.160772,0.488629,INSUFFICIENT_EVIDENCE
E064,E spectral/lag sequence,SpectralLag_L20_C0.1,311,12,631,1555,0.405788,25.236013,2,-0.152412,0.322645,INSUFFICIENT_EVIDENCE
E065,E spectral/lag sequence,SpectralLag_L20_C1.0,311,12,632,1555,0.406431,25.224437,3,-0.163987,0.303538,INSUFFICIENT_EVIDENCE
E066,E spectral/lag sequence,SpectralLag_L30_C0.01,311,12,616,1555,0.396141,25.409646,-13,0.021222,0.636749,REJECTED
E067,E spectral/lag sequence,SpectralLag_L30_C0.1,311,12,618,1555,0.397428,25.418006,-11,0.029582,0.595476,REJECTED
E068,E spectral/lag sequence,SpectralLag_L30_C1.0,311,12,617,1555,0.396785,25.415434,-12,0.027010,0.616276,REJECTED
E069,X cross-game residual,CrossPlus_only_C0.01,311,6,600,1555,0.385852,25.759486,-29,0.371061,0.888034,REJECTED
E070,X cross-game residual,CrossPlus_only_C0.1,311,6,604,1555,0.388424,25.704823,-25,0.316399,0.84118,REJECTED
E071,X cross-game residual,CrossPlus_only_C1,311,6,620,1555,0.398714,25.632797,-9,0.244373,0.553126,REJECTED
E072,X cross-game residual,CrossPlus_combined_C0.01,311,6,620,1555,0.398714,25.322830,-9,-0.065595,0.553126,INSUFFICIENT_EVIDENCE
E073,X cross-game residual,CrossPlus_combined_C0.1,311,6,633,1555,0.407074,25.225080,4,-0.163344,0.284956,INSUFFICIENT_EVIDENCE
E074,X cross-game residual,CrossPlus_combined_C1,311,6,624,1555,0.401286,25.262379,-5,-0.126045,0.467119,INSUFFICIENT_EVIDENCE
E075,H MDL gap-phase,MDLPhase_P8_C0.001,311,9,621,1555,0.399357,25.498392,-8,0.109968,0.531695,REJECTED
E076,H MDL gap-phase,MDLPhase_P8_C0.01,311,9,621,1555,0.399357,25.498392,-8,0.109968,0.531695,REJECTED
E077,H MDL gap-phase,MDLPhase_P8_C0.1,311,9,650,1555,0.418006,25.075884,21,-0.312540,0.0689363,INSUFFICIENT_EVIDENCE
E078,H MDL gap-phase,MDLPhase_P12_C0.001,311,9,621,1555,0.399357,25.498392,-8,0.109968,0.531695,REJECTED
E079,H MDL gap-phase,MDLPhase_P12_C0.01,311,9,629,1555,0.404502,25.317042,0,-0.071383,0.362264,REJECTED
E080,H MDL gap-phase,MDLPhase_P12_C0.1,311,9,630,1555,0.405145,25.395498,1,0.007074,0.342236,REJECTED
E081,H MDL gap-phase,MDLPhase_P20_C0.001,311,9,621,1555,0.399357,25.498392,-8,0.109968,0.531695,REJECTED
E082,H MDL gap-phase,MDLPhase_P20_C0.01,311,9,629,1555,0.404502,25.324759,0,-0.063666,0.362264,REJECTED
E083,H MDL gap-phase,MDLPhase_P20_C0.1,311,9,630,1555,0.405145,25.372347,1,-0.016077,0.342236,REJECTED
E084,I interference ensemble,Mix_PhaseGap_a0.25,311,11,644,1555,0.414148,24.987138,15,-0.401286,0.122847,INSUFFICIENT_EVIDENCE
E085,I interference ensemble,Mix_PhaseGap_a0.5,311,11,658,1555,0.423151,24.980064,29,-0.408360,0.0278189,INSUFFICIENT_EVIDENCE
E086,I interference ensemble,Mix_PhaseGap_a0.75,311,11,657,1555,0.422508,25.045659,28,-0.342765,0.031434,INSUFFICIENT_EVIDENCE
E087,I interference ensemble,Mix_PhaseRes8_a0.25,311,11,631,1555,0.405788,25.165916,2,-0.222508,0.322645,INSUFFICIENT_EVIDENCE
E088,I interference ensemble,Mix_PhaseRes8_a0.5,311,11,641,1555,0.412219,25.120257,12,-0.268167,0.158819,INSUFFICIENT_EVIDENCE
E089,I interference ensemble,Mix_PhaseRes8_a0.75,311,11,648,1555,0.416720,24.999357,19,-0.389068,0.0843859,INSUFFICIENT_EVIDENCE
E090,I interference ensemble,Mix_PGR_0.5_0.25_0.25,311,11,655,1555,0.421222,24.992283,26,-0.396141,0.039833,REJECTED_AS_IMPLEMENTED: degenerate sin(pi*gap) numerical feature
E091,I interference ensemble,Mix_PGR_0.5_0.4_0.10,311,11,667,1555,0.428939,24.973633,38,-0.414791,0.00826081,INSUFFICIENT_EVIDENCE
E092,I interference ensemble,Mix_PGR_0.6_0.2_0.20,311,11,670,1555,0.430868,24.997428,41,-0.390997,0.00526124,INSUFFICIENT_EVIDENCE
E093,I interference ensemble,Mix_PGR_0.7_0.15_0.15,311,11,664,1555,0.427010,25.009646,35,-0.378778,0.0126714,INSUFFICIENT_EVIDENCE
E094,I interference ensemble,MixClean_PGR_0.5_0.25_0.25,311,11,652,1555,0.419293,25.030868,23,-0.357556,0.0557678,PROVISIONAL_SIGNAL: corrected; needs fresh prospective confirmation
